Receptor,Cores,AoS Time(s),SoA Time(s),Speedup
10gs,1,3083.92,1662.46,1.86
1a30,1,845.74,514.26,1.64
1bcu,1,23.25,13.22,1.76
1gpk,1,1530.38,854.26,1.79
1h23,1,6312.18,3627.97,1.74
1hfs,1,5317.38,2074.59,2.56
1hnn,1,833.18,456.79,1.82
1igj,1,7451.62,4283.30,1.74
1jyq,1,2366.71,1282.10,1.85
2j62,1,7035.70,3811.53,1.85
2obf,1,2075.95,1122.69,1.85
2ole,1,10337.41,5599.96,1.85
2w66,1,1935.20,1070.84,1.81
2wca,1,4757.56,2623.89,1.81
2weg,1,541.61,311.71,1.74
2x97,1,5311.94,2969.46,1.79
2xb8,1,10241.22,5547.89,1.85
2xbv,1,3249.76,1770.00,1.84
2xhm,1,4387.58,2369.27,1.85
2xnb,1,1926.23,1027.89,1.87
2xy9,1,7025.71,3805.97,1.85
3b68,1,1672.87,896.16,1.87
3bkk,1,5429.90,2916.95,1.86
3cyx,1,1737.01,941.03,1.85
3d4z,1,2442.21,1377.81,1.77
3f3c,1,2404.77,1353.26,1.78
3nq3,1,1218.43,762.33,1.60
3ov1,1,773.43,461.02,1.68
3ozt,1,1875.96,994.50,1.89
4djr,1,1554.40,793.51,1.96
4gqq,1,2661.34,1499.22,1.78
10gs,2,1620.51,872.67,1.86
1a30,2,426.96,254.98,1.67
1bcu,2,21.82,12.49,1.75
1gpk,2,762.94,422.77,1.80
1h23,2,3273.27,1889.50,1.73
1hfs,2,1868.46,1059.16,1.76
1hnn,2,460.79,247.79,1.86
1igj,2,3766.12,2125.17,1.77
1jyq,2,1264.33,683.62,1.85
2j62,2,3720.55,2089.66,1.78
2obf,2,1136.78,614.24,1.85
2ole,2,5467.62,2937.23,1.86
2w66,2,1084.50,596.21,1.82
2wca,2,2404.86,1355.36,1.77
2weg,2,281.86,160.88,1.75
2x97,2,2885.64,1617.55,1.78
2xb8,2,4447.17,2618.88,1.70
2xbv,2,1652.21,877.76,1.88
2xhm,2,2208.25,1189.32,1.86
2xnb,2,1050.98,562.39,1.87
2xy9,2,3606.16,1878.57,1.92
3b68,2,865.63,482.93,1.79
3bkk,2,2691.06,1513.84,1.78
3cyx,2,959.11,521.98,1.84
3d4z,2,1312.31,734.44,1.79
3f3c,2,1253.74,702.49,1.78
3nq3,2,650.33,408.64,1.59
3ov1,2,406.85,228.00,1.78
3ozt,2,904.79,473.17,1.91
4djr,2,766.93,395.02,1.94
4gqq,2,1314.23,732.81,1.79
10gs,3,1054.58,566.54,1.86
1a30,3,291.35,175.61,1.66
1bcu,3,18.20,10.57,1.72
1gpk,3,517.67,288.81,1.79
1h23,3,2217.54,1256.31,1.77
1hfs,3,1307.38,720.91,1.81
1hnn,3,311.75,173.94,1.79
1igj,3,2654.32,1518.19,1.75
1jyq,3,858.58,462.34,1.86
2j62,3,2505.06,1392.71,1.80
2obf,3,825.42,406.80,2.03
2ole,3,3677.35,1975.16,1.86
2w66,3,685.97,574.64,1.19
2wca,3,1654.67,915.23,1.81
2weg,3,199.10,176.85,1.13
2x97,3,1931.58,1604.99,1.20
2xb8,3,3063.25,1806.26,1.70
2xbv,3,1112.16,593.61,1.87
2xhm,3,1641.39,884.19,1.86
2xnb,3,665.38,355.81,1.87
2xy9,3,2442.34,1269.52,1.92
3b68,3,592.83,318.83,1.86
3bkk,3,1813.15,1021.33,1.78
3cyx,3,621.54,339.04,1.83
3d4z,3,860.57,493.68,1.74
3f3c,3,853.65,469.98,1.82
3nq3,3,444.16,277.71,1.60
3ov1,3,280.78,157.77,1.78
3ozt,3,620.45,323.42,1.92
4djr,3,540.48,280.25,1.93
4gqq,3,946.46,522.50,1.81
10gs,4,843.36,455.28,1.85
1a30,4,227.31,139.21,1.63
1bcu,4,14.12,7.91,1.78
1gpk,4,401.53,225.35,1.78
1h23,4,1607.97,926.88,1.73
1hfs,4,967.67,537.08,1.80
1hnn,4,232.85,130.22,1.79
1igj,4,2052.85,1155.20,1.78
1jyq,4,645.01,338.46,1.91
2j62,4,1851.33,1028.17,1.80
2obf,4,572.26,309.78,1.85
2ole,4,2875.84,1509.99,1.90
2w66,4,535.65,296.43,1.81
2wca,4,1263.56,702.30,1.80
2weg,4,148.65,87.89,1.69
2x97,4,1455.65,813.60,1.79
2xb8,4,2388.43,1417.14,1.69
2xbv,4,854.60,460.33,1.86
2xhm,4,1258.30,677.01,1.86
2xnb,4,559.42,301.54,1.86
2xy9,4,1969.35,1028.79,1.91
3b68,4,440.89,237.87,1.85
3bkk,4,1450.46,815.18,1.78
3cyx,4,497.08,268.90,1.85
3d4z,4,671.42,376.85,1.78
3f3c,4,646.90,363.86,1.78
3nq3,4,327.71,206.38,1.59
3ov1,4,222.97,126.96,1.76
3ozt,4,475.70,249.63,1.91
4djr,4,428.19,202.84,2.11
4gqq,4,683.80,376.83,1.81
10gs,5,648.49,353.14,1.84
1a30,5,184.26,113.49,1.62
1bcu,5,12.87,7.38,1.74
1gpk,5,326.05,191.11,1.71
1h23,5,1331.63,760.38,1.75
1hfs,5,788.78,436.28,1.81
1hnn,5,187.27,106.74,1.75
1igj,5,1623.55,920.15,1.76
1jyq,5,501.66,269.80,1.86
2j62,5,1458.44,817.14,1.78
2obf,5,487.77,260.23,1.87
2ole,5,2142.75,1201.67,1.78
2w66,5,453.07,251.82,1.80
2wca,5,1048.24,577.88,1.81
2weg,5,121.92,69.60,1.75
2x97,5,1123.27,869.15,1.29
2xb8,5,1931.32,1120.40,1.72
2xbv,5,695.17,373.92,1.86
2xhm,5,953.95,512.53,1.86
2xnb,5,425.72,245.97,1.73
2xy9,5,1599.04,831.97,1.92
3b68,5,342.71,183.95,1.86
3bkk,5,1208.60,678.68,1.78
3cyx,5,376.36,203.55,1.85
3d4z,5,524.55,294.41,1.78
3f3c,5,496.83,279.23,1.78
3nq3,5,265.83,167.21,1.59
3ov1,5,172.60,97.58,1.77
3ozt,5,396.12,194.28,2.04
4djr,5,359.80,188.66,1.91
4gqq,5,563.63,313.55,1.80
10gs,6,523.13,284.16,1.84
1a30,6,153.02,94.16,1.63
1bcu,6,10.04,5.76,1.74
1gpk,6,273.28,155.58,1.76
1h23,6,1079.62,622.46,1.73
1hfs,6,654.99,364.04,1.80
1hnn,6,156.81,86.14,1.82
1igj,6,1375.69,779.37,1.77
1jyq,6,427.22,229.35,1.86
2j62,6,1219.30,679.98,1.79
2obf,6,408.37,219.26,1.86
2ole,6,1728.10,939.86,1.84
2w66,6,353.52,196.04,1.80
2wca,6,962.22,491.10,1.96
2weg,6,101.96,57.91,1.76
2x97,6,977.88,547.27,1.79
2xb8,6,1489.81,882.37,1.69
2xbv,6,565.96,303.19,1.87
2xhm,6,830.20,443.77,1.87
2xnb,6,354.67,192.87,1.84
2xy9,6,1217.53,634.55,1.92
3b68,6,290.12,157.28,1.84
3bkk,6,927.04,520.79,1.78
3cyx,6,334.98,182.09,1.84
3d4z,6,449.69,252.50,1.78
3f3c,6,418.42,232.34,1.80
3nq3,6,244.23,141.65,1.72
3ov1,6,139.57,103.45,1.35
3ozt,6,316.48,166.35,1.90
4djr,6,290.37,147.11,1.97
4gqq,6,457.24,265.06,1.73
10gs,7,493.21,269.02,1.83
1a30,7,132.48,81.69,1.62
1bcu,7,8.42,4.88,1.73
1gpk,7,227.68,126.87,1.79
1h23,7,957.07,553.09,1.73
1hfs,7,618.13,328.09,1.88
1hnn,7,131.73,73.62,1.79
1igj,7,1126.28,645.48,1.74
1jyq,7,349.84,187.85,1.86
2j62,7,1080.74,601.95,1.80
2obf,7,342.42,184.60,1.85
2ole,7,2149.94,859.34,2.50
2w66,7,313.37,206.18,1.52
2wca,7,725.73,446.92,1.62
2weg,7,88.55,51.58,1.72
2x97,7,851.14,479.58,1.77
2xb8,7,1367.16,808.01,1.69
2xbv,7,536.75,255.56,2.10
2xhm,7,659.17,353.26,1.87
2xnb,7,305.90,165.97,1.84
2xy9,7,1107.59,574.45,1.93
3b68,7,241.06,131.16,1.84
3bkk,7,865.86,486.95,1.78
3cyx,7,271.06,146.54,1.85
3d4z,7,374.14,214.36,1.75
3f3c,7,347.11,196.04,1.77
3nq3,7,190.81,120.61,1.58
3ov1,7,119.56,88.16,1.36
3ozt,7,269.17,141.79,1.90
4djr,7,235.63,122.57,1.92
4gqq,7,394.72,216.81,1.82
10gs,8,403.76,220.27,1.83
1a30,8,113.54,69.45,1.63
1bcu,8,4.62,2.61,1.77
1gpk,8,201.55,112.89,1.79
1h23,8,877.22,494.98,1.77
1hfs,8,520.01,288.15,1.80
1hnn,8,119.92,67.59,1.77
1igj,8,982.60,562.10,1.75
1jyq,8,317.69,170.00,1.87
2j62,8,887.64,497.46,1.78
2obf,8,287.89,157.35,1.83
2ole,8,1294.74,698.20,1.85
2w66,8,265.87,146.57,1.81
2wca,8,639.93,353.49,1.81
2weg,8,74.24,43.51,1.71
2x97,8,713.13,395.57,1.80
2xb8,8,1160.17,687.12,1.69
2xbv,8,438.94,236.69,1.85
2xhm,8,642.51,337.13,1.91
2xnb,8,252.66,137.48,1.84
2xy9,8,894.69,467.46,1.91
3b68,8,234.27,125.68,1.86
3bkk,8,720.81,428.05,1.68
3cyx,8,242.21,132.19,1.83
3d4z,8,320.64,183.97,1.74
3f3c,8,303.23,170.47,1.78
3nq3,8,169.64,107.69,1.58
3ov1,8,102.16,57.94,1.76
3ozt,8,250.26,133.14,1.88
4djr,8,212.03,110.52,1.92
4gqq,8,351.94,195.83,1.80
10gs,9,366.97,200.55,1.83
1a30,9,97.75,59.28,1.65
1bcu,9,3.28,1.86,1.77
1gpk,9,182.19,102.29,1.78
1h23,9,766.39,444.20,1.73
1hfs,9,441.61,249.62,1.77
1hnn,9,98.97,54.72,1.81
1igj,9,886.38,508.85,1.74
1jyq,9,274.84,147.67,1.86
2j62,9,811.79,447.79,1.81
2obf,9,267.09,146.98,1.82
2ole,9,1220.75,656.05,1.86
2w66,9,249.56,138.81,1.80
2wca,9,586.48,323.94,1.81
2weg,9,67.92,39.51,1.72
2x97,9,653.38,364.64,1.79
2xb8,9,1031.71,605.56,1.70
2xbv,9,384.37,207.65,1.85
2xhm,9,541.46,287.77,1.88
2xnb,9,229.38,128.84,1.78
2xy9,9,808.31,418.61,1.93
3b68,9,209.85,109.76,1.91
3bkk,9,629.36,351.64,1.79
3cyx,9,211.46,114.03,1.85
3d4z,9,295.75,171.55,1.72
3f3c,9,278.11,154.49,1.80
3nq3,9,144.93,92.61,1.56
3ov1,9,97.69,54.82,1.78
3ozt,9,306.64,113.45,2.70
4djr,9,182.83,96.55,1.89
4gqq,9,309.36,171.76,1.80
10gs,10,321.17,174.72,1.84
1a30,10,91.97,56.80,1.62
1bcu,10,3.64,2.04,1.78
1gpk,10,160.65,89.76,1.79
1h23,10,658.52,381.35,1.73
1hfs,10,409.26,227.40,1.80
1hnn,10,94.47,52.49,1.80
1igj,10,799.98,462.99,1.73
1jyq,10,247.75,132.17,1.87
2j62,10,769.34,432.97,1.78
2obf,10,234.43,127.19,1.84
2ole,10,1080.79,587.61,1.84
2w66,10,212.38,115.60,1.84
2wca,10,510.57,282.69,1.81
2weg,10,62.33,34.97,1.78
2x97,10,604.12,340.83,1.77
2xb8,10,946.36,655.57,1.44
2xbv,10,358.50,188.51,1.90
2xhm,10,467.67,251.80,1.86
2xnb,10,203.30,110.31,1.84
2xy9,10,719.64,375.33,1.92
3b68,10,179.44,96.70,1.86
3bkk,10,567.21,313.63,1.81
3cyx,10,206.54,109.66,1.88
3d4z,10,264.94,148.91,1.78
3f3c,10,335.82,140.12,2.40
3nq3,10,133.36,86.36,1.54
3ov1,10,88.65,54.39,1.63
3ozt,10,187.20,98.20,1.91
4djr,10,172.27,89.59,1.92
4gqq,10,275.19,159.19,1.73
10gs,11,316.10,169.96,1.86
1a30,11,83.62,52.87,1.58
1bcu,11,4.31,2.42,1.78
1gpk,11,145.61,82.87,1.76
1h23,11,617.92,356.54,1.73
1hfs,11,383.39,207.25,1.85
1hnn,11,84.06,49.72,1.69
1igj,11,754.03,430.73,1.75
1jyq,11,237.34,127.16,1.87
2j62,11,664.66,371.07,1.79
2obf,11,220.51,120.41,1.83
2ole,11,1031.67,573.24,1.80
2w66,11,193.93,105.90,1.83
2wca,11,489.95,394.73,1.24
2weg,11,60.06,50.50,1.19
2x97,11,540.09,350.11,1.54
2xb8,11,903.85,537.85,1.68
2xbv,11,307.28,165.73,1.85
2xhm,11,463.92,247.86,1.87
2xnb,11,200.63,119.51,1.68
2xy9,11,707.00,372.01,1.90
3b68,11,163.43,89.50,1.83
3bkk,11,523.54,291.28,1.80
3cyx,11,180.16,97.88,1.84
3d4z,11,232.07,141.58,1.64
3f3c,11,224.86,126.62,1.78
3nq3,11,133.52,75.48,1.77
3ov1,11,84.01,46.64,1.80
3ozt,11,191.21,99.14,1.93
4djr,11,162.86,84.92,1.92
4gqq,11,249.56,138.64,1.80
10gs,12,294.93,163.14,1.81
1a30,12,76.42,47.42,1.61
1bcu,12,5.05,2.81,1.80
1gpk,12,146.01,81.96,1.78
1h23,12,603.13,343.89,1.75
1hfs,12,379.52,198.36,1.91
1hnn,12,81.84,46.31,1.77
1igj,12,684.64,390.25,1.75
1jyq,12,221.46,119.13,1.86
2j62,12,643.12,358.83,1.79
2obf,12,200.51,106.88,1.88
2ole,12,993.38,554.42,1.79
2w66,12,199.70,109.56,1.82
2wca,12,436.20,241.81,1.80
2weg,12,53.21,29.14,1.83
2x97,12,544.75,278.99,1.95
2xb8,12,794.95,467.89,1.70
2xbv,12,304.29,163.24,1.86
2xhm,12,422.76,227.62,1.86
2xnb,12,186.26,100.68,1.85
2xy9,12,621.00,324.46,1.91
3b68,12,149.43,79.12,1.89
3bkk,12,481.94,272.54,1.77
3cyx,12,169.72,94.58,1.79
3d4z,12,222.82,126.37,1.76
3f3c,12,215.17,121.41,1.77
3nq3,12,117.91,71.24,1.66
3ov1,12,72.36,40.14,1.80
3ozt,12,159.38,84.46,1.89
4djr,12,153.55,80.46,1.91
4gqq,12,248.97,140.35,1.77
10gs,13,259.49,142.50,1.82
1a30,13,69.57,43.52,1.60
1bcu,13,2.53,1.45,1.75
1gpk,13,127.96,72.81,1.76
1h23,13,558.71,321.75,1.74
1hfs,13,337.38,186.69,1.81
1hnn,13,83.37,40.98,2.03
1igj,13,661.61,390.73,1.69
1jyq,13,196.80,106.52,1.85
2j62,13,629.66,350.16,1.80
2obf,13,193.25,105.15,1.84
2ole,13,911.11,508.83,1.79
2w66,13,183.96,146.72,1.25
2wca,13,429.48,236.75,1.81
2weg,13,47.04,27.02,1.74
2x97,13,486.88,268.22,1.82
2xb8,13,760.99,623.05,1.22
2xbv,13,273.77,147.61,1.85
2xhm,13,404.62,246.46,1.64
2xnb,13,176.72,95.74,1.85
2xy9,13,579.04,301.07,1.92
3b68,13,159.22,81.64,1.95
3bkk,13,467.63,262.72,1.78
3cyx,13,157.22,86.48,1.82
3d4z,13,219.73,122.62,1.79
3f3c,13,210.08,116.92,1.80
3nq3,13,107.31,68.96,1.56
3ov1,13,70.62,39.38,1.79
3ozt,13,159.43,83.22,1.92
4djr,13,146.04,76.35,1.91
4gqq,13,227.34,126.43,1.80
10gs,14,282.62,138.39,2.04
1a30,14,70.55,43.76,1.61
1bcu,14,1.54,0.87,1.78
1gpk,14,125.33,69.65,1.80
1h23,14,663.69,282.68,2.35
1hfs,14,309.42,171.70,1.80
1hnn,14,69.51,38.40,1.81
1igj,14,597.06,343.25,1.74
1jyq,14,188.68,101.29,1.86
2j62,14,561.55,312.89,1.79
2obf,14,178.14,99.35,1.79
2ole,14,812.32,457.30,1.78
2w66,14,172.92,94.47,1.83
2wca,14,392.70,216.87,1.81
2weg,14,45.39,28.43,1.60
2x97,14,458.12,255.58,1.79
2xb8,14,703.81,416.57,1.69
2xbv,14,255.22,138.04,1.85
2xhm,14,383.24,206.49,1.86
2xnb,14,165.03,88.48,1.87
2xy9,14,563.44,292.29,1.93
3b68,14,136.60,73.73,1.85
3bkk,14,432.91,243.81,1.78
3cyx,14,153.90,83.47,1.84
3d4z,14,204.64,116.44,1.76
3f3c,14,186.78,103.62,1.80
3nq3,14,99.99,65.08,1.54
3ov1,14,62.86,36.18,1.74
3ozt,14,139.73,73.38,1.90
4djr,14,137.38,71.39,1.92
4gqq,14,215.31,119.57,1.80
10gs,15,237.77,130.71,1.82
1a30,15,64.85,40.46,1.60
1bcu,15,1.35,0.72,1.86
1gpk,15,112.12,65.17,1.72
1h23,15,499.20,289.39,1.72
1hfs,15,289.61,160.06,1.81
1hnn,15,66.11,38.05,1.74
1igj,15,612.53,330.49,1.85
1jyq,15,325.94,93.18,3.50
2j62,15,558.80,307.71,1.82
2obf,15,176.30,85.24,2.07
2ole,15,822.87,433.20,1.90
2w66,15,150.10,83.30,1.80
2wca,15,360.15,235.62,1.53
2weg,15,42.48,24.46,1.74
2x97,15,402.98,224.49,1.80
2xb8,15,677.79,387.17,1.75
2xbv,15,240.95,129.36,1.86
2xhm,15,334.40,179.70,1.86
2xnb,15,153.77,83.02,1.85
2xy9,15,735.97,297.38,2.47
3b68,15,120.62,66.07,1.83
3bkk,15,430.45,243.70,1.77
3cyx,15,133.95,72.99,1.84
3d4z,15,191.03,110.01,1.74
3f3c,15,178.39,109.42,1.63
3nq3,15,93.75,60.85,1.54
3ov1,15,57.92,33.79,1.71
3ozt,15,145.37,76.65,1.90
4djr,15,115.32,60.12,1.92
4gqq,15,202.22,110.84,1.82
10gs,16,221.89,118.88,1.87
1a30,16,64.50,39.29,1.64
1bcu,16,1.41,0.77,1.83
1gpk,16,112.39,61.34,1.83
1h23,16,475.28,270.21,1.76
1hfs,16,287.63,160.46,1.79
1hnn,16,63.59,35.37,1.80
1igj,16,555.07,313.83,1.77
1jyq,16,165.33,87.40,1.89
2j62,16,532.79,306.83,1.74
2obf,16,156.89,84.73,1.85
2ole,16,770.98,416.27,1.85
2w66,16,155.22,85.02,1.83
2wca,16,353.24,192.81,1.83
2weg,16,41.04,24.07,1.71
2x97,16,390.43,216.64,1.80
2xb8,16,673.51,398.84,1.69
2xbv,16,238.37,126.45,1.89
2xhm,16,318.24,171.59,1.85
2xnb,16,152.31,82.84,1.84
2xy9,16,514.36,267.41,1.92
3b68,16,123.87,68.63,1.81
3bkk,16,401.28,224.28,1.79
3cyx,16,139.52,74.87,1.86
3d4z,16,173.72,100.30,1.73
3f3c,16,176.83,102.63,1.72
3nq3,16,95.57,57.22,1.67
3ov1,16,76.45,32.29,2.37
3ozt,16,134.60,66.88,2.01
4djr,16,124.92,64.04,1.95
4gqq,16,186.27,104.45,1.78
10gs,17,210.80,114.37,1.84
1a30,17,59.93,37.46,1.60
1bcu,17,2.21,1.26,1.75
1gpk,17,107.42,60.20,1.78
1h23,17,447.43,260.89,1.72
1hfs,17,270.50,150.03,1.80
1hnn,17,64.69,35.37,1.83
1igj,17,526.81,327.23,1.61
1jyq,17,175.80,94.24,1.87
2j62,17,475.15,266.52,1.78
2obf,17,153.20,82.16,1.86
2ole,17,733.28,410.84,1.78
2w66,17,148.93,81.71,1.82
2wca,17,343.83,193.50,1.78
2weg,17,38.79,22.91,1.69
2x97,17,381.75,213.27,1.79
2xb8,17,609.14,357.22,1.71
2xbv,17,248.67,132.27,1.88
2xhm,17,312.47,167.92,1.86
2xnb,17,133.00,71.83,1.85
2xy9,17,508.20,264.11,1.92
3b68,17,112.15,60.77,1.85
3bkk,17,375.25,209.49,1.79
3cyx,17,133.49,73.21,1.82
3d4z,17,172.02,99.02,1.74
3f3c,17,169.06,95.09,1.78
3nq3,17,89.68,56.22,1.60
3ov1,17,55.35,33.22,1.67
3ozt,17,142.17,68.65,2.07
4djr,17,111.43,59.08,1.89
4gqq,17,175.91,98.51,1.79
10gs,18,206.98,112.42,1.84
1a30,18,59.30,36.37,1.63
1bcu,18,0.69,0.39,1.74
1gpk,18,106.12,58.96,1.80
1h23,18,424.11,245.20,1.73
1hfs,18,242.11,134.27,1.80
1hnn,18,55.86,30.99,1.80
1igj,18,494.16,283.17,1.75
1jyq,18,152.78,81.43,1.88
2j62,18,440.62,245.05,1.80
2obf,18,140.83,76.79,1.83
2ole,18,677.45,381.23,1.78
2w66,18,133.92,74.73,1.79
2wca,18,327.27,181.58,1.80
2weg,18,36.64,21.06,1.74
2x97,18,355.63,204.92,1.74
2xb8,18,613.45,440.68,1.39
2xbv,18,215.53,116.35,1.85
2xhm,18,283.56,153.19,1.85
2xnb,18,142.09,76.75,1.85
2xy9,18,492.87,257.89,1.91
3b68,18,114.52,62.72,1.83
3bkk,18,382.38,215.65,1.77
3cyx,18,116.83,62.74,1.86
3d4z,18,170.41,97.31,1.75
3f3c,18,163.36,91.76,1.78
3nq3,18,83.87,53.39,1.57
3ov1,18,53.59,39.24,1.37
3ozt,18,122.59,64.54,1.90
4djr,18,113.87,59.33,1.92
4gqq,18,172.20,95.71,1.80
10gs,19,203.99,110.65,1.84
1a30,19,52.70,33.29,1.58
1bcu,19,1.47,0.84,1.76
1gpk,19,97.43,54.92,1.77
1h23,19,414.05,236.49,1.75
1hfs,19,228.61,126.35,1.81
1hnn,19,57.72,32.49,1.78
1igj,19,473.86,295.70,1.60
1jyq,19,331.54,80.03,4.14
2j62,19,410.16,229.32,1.79
2obf,19,138.20,72.21,1.91
2ole,19,623.85,351.53,1.77
2w66,19,129.52,73.05,1.77
2wca,19,324.98,191.34,1.70
2weg,19,34.95,25.19,1.39
2x97,19,363.62,201.80,1.80
2xb8,19,573.96,355.15,1.62
2xbv,19,236.73,116.48,2.03
2xhm,19,287.71,154.76,1.86
2xnb,19,136.25,67.29,2.02
2xy9,19,464.42,242.90,1.91
3b68,19,109.61,59.05,1.86
3bkk,19,357.67,202.31,1.77
3cyx,19,111.51,62.12,1.79
3d4z,19,151.13,88.07,1.72
3f3c,19,148.32,84.81,1.75
3nq3,19,77.79,49.36,1.58
3ov1,19,51.90,29.59,1.75
3ozt,19,118.51,62.02,1.91
4djr,19,94.13,49.89,1.89
4gqq,19,159.44,89.14,1.79
10gs,20,202.34,111.38,1.82
1a30,20,52.14,31.59,1.65
1bcu,20,1.86,1.09,1.71
1gpk,20,90.31,50.91,1.77
1h23,20,405.01,235.05,1.72
1hfs,20,233.49,129.40,1.80
1hnn,20,51.96,29.72,1.75
1igj,20,467.20,267.82,1.74
1jyq,20,144.44,78.94,1.83
2j62,20,451.14,262.22,1.72
2obf,20,143.30,76.76,1.87
2ole,20,662.01,370.31,1.79
2w66,20,125.18,68.52,1.83
2wca,20,298.26,165.29,1.80
2weg,20,35.57,20.51,1.73
2x97,20,333.08,186.12,1.79
2xb8,20,550.89,326.29,1.69
2xbv,20,206.10,110.93,1.86
2xhm,20,276.13,148.38,1.86
2xnb,20,126.14,65.93,1.91
2xy9,20,417.16,215.64,1.93
3b68,20,106.31,57.51,1.85
3bkk,20,350.50,202.98,1.73
3cyx,20,120.28,64.80,1.86
3d4z,20,152.08,87.51,1.74
3f3c,20,147.95,83.43,1.77
3nq3,20,79.32,47.61,1.67
3ov1,20,51.50,29.90,1.72
3ozt,20,122.43,64.23,1.91
4djr,20,98.60,51.25,1.92
4gqq,20,158.18,89.06,1.78
10gs,21,185.49,99.93,1.86
1a30,21,52.73,32.88,1.60
1bcu,21,3.40,1.98,1.72
1gpk,21,89.16,50.29,1.77
1h23,21,393.95,234.60,1.68
1hfs,21,233.86,129.00,1.81
1hnn,21,53.13,29.72,1.79
1igj,21,459.38,263.82,1.74
1jyq,21,144.17,77.12,1.87
2j62,21,410.31,229.13,1.79
2obf,21,139.35,71.37,1.95
2ole,21,831.49,344.26,2.42
2w66,21,122.57,82.72,1.48
2wca,21,297.47,164.17,1.81
2weg,21,35.21,19.49,1.81
2x97,21,339.84,190.04,1.79
2xb8,21,556.37,331.57,1.68
2xbv,21,202.16,108.83,1.86
2xhm,21,289.73,152.83,1.90
2xnb,21,120.93,65.04,1.86
2xy9,21,414.24,215.82,1.92
3b68,21,103.46,55.95,1.85
3bkk,21,340.96,192.24,1.77
3cyx,21,109.42,59.47,1.84
3d4z,21,148.24,84.29,1.76
3f3c,21,145.96,81.77,1.78
3nq3,21,77.00,48.61,1.58
3ov1,21,48.30,27.30,1.77
3ozt,21,116.99,61.09,1.92
4djr,21,93.20,48.45,1.92
4gqq,21,154.73,85.84,1.80
10gs,22,189.46,102.60,1.85
1a30,22,51.39,31.89,1.61
1bcu,22,2.95,1.68,1.75
1gpk,22,92.62,52.31,1.77
1h23,22,360.49,208.75,1.73
1hfs,22,215.43,120.08,1.79
1hnn,22,50.83,29.10,1.75
1igj,22,430.06,246.89,1.74
1jyq,22,137.67,73.47,1.87
2j62,22,378.34,211.79,1.79
2obf,22,127.73,66.68,1.92
2ole,22,596.78,332.12,1.80
2w66,22,114.82,63.21,1.82
2wca,22,293.30,158.58,1.85
2weg,22,34.02,19.65,1.73
2x97,22,328.80,189.00,1.74
2xb8,22,508.31,324.68,1.57
2xbv,22,188.51,99.06,1.90
2xhm,22,256.45,137.71,1.86
2xnb,22,114.05,61.19,1.86
2xy9,22,410.36,213.12,1.93
3b68,22,96.75,52.16,1.85
3bkk,22,301.98,179.02,1.69
3cyx,22,110.30,59.81,1.84
3d4z,22,166.57,83.65,1.99
3f3c,22,178.45,75.23,2.37
3nq3,22,73.92,46.31,1.60
3ov1,22,46.10,28.28,1.63
3ozt,22,107.74,56.58,1.90
4djr,22,96.09,49.59,1.94
4gqq,22,152.83,88.01,1.74
10gs,23,175.39,95.04,1.85
1a30,23,48.08,29.90,1.61
1bcu,23,0.41,0.23,1.77
1gpk,23,87.48,49.28,1.77
1h23,23,352.13,203.19,1.73
1hfs,23,209.91,116.96,1.79
1hnn,23,48.41,27.85,1.74
1igj,23,410.58,234.52,1.75
1jyq,23,133.87,71.14,1.88
2j62,23,367.79,219.97,1.67
2obf,23,129.30,69.59,1.86
2ole,23,568.82,338.93,1.68
2w66,23,117.71,64.54,1.82
2wca,23,267.64,146.54,1.83
2weg,23,30.62,17.75,1.72
2x97,23,289.97,164.48,1.76
2xb8,23,506.89,300.86,1.68
2xbv,23,187.03,100.85,1.85
2xhm,23,266.11,142.23,1.87
2xnb,23,109.03,58.60,1.86
2xy9,23,414.81,214.56,1.93
3b68,23,90.98,49.37,1.84
3bkk,23,317.47,187.00,1.70
3cyx,23,98.67,53.67,1.84
3d4z,23,137.56,79.13,1.74
3f3c,23,129.98,73.22,1.78
3nq3,23,70.87,44.14,1.61
3ov1,23,44.94,32.07,1.40
3ozt,23,103.50,54.45,1.90
4djr,23,91.10,47.19,1.93
4gqq,23,147.81,82.19,1.80
10gs,24,175.67,96.42,1.82
1a30,24,45.15,27.86,1.62
1bcu,24,2.64,1.57,1.68
1gpk,24,83.37,46.81,1.78
1h23,24,321.22,187.14,1.72
1hfs,24,199.62,108.07,1.85
1hnn,24,44.77,24.82,1.80
1igj,24,412.03,237.72,1.73
1jyq,24,124.79,65.71,1.90
2j62,24,351.03,197.26,1.78
2obf,24,111.68,60.38,1.85
2ole,24,530.96,294.72,1.80
2w66,24,109.60,60.80,1.80
2wca,24,265.68,146.51,1.81
2weg,24,30.32,17.77,1.71
2x97,24,287.99,161.12,1.79
2xb8,24,469.88,277.43,1.69
2xbv,24,186.26,92.29,2.02
2xhm,24,232.38,124.25,1.87
2xnb,24,107.21,57.92,1.85
2xy9,24,371.69,195.00,1.91
3b68,24,88.76,48.44,1.83
3bkk,24,295.15,163.97,1.80
3cyx,24,93.58,51.06,1.83
3d4z,24,131.43,77.18,1.70
3f3c,24,128.11,72.10,1.78
3nq3,24,67.98,42.94,1.58
3ov1,24,45.38,25.33,1.79
3ozt,24,100.00,52.44,1.91
4djr,24,90.68,47.04,1.93
4gqq,24,138.87,77.07,1.80
10gs,25,168.32,88.85,1.89
1a30,25,52.11,32.31,1.61
1bcu,25,0.39,0.28,1.43
1gpk,25,106.66,55.24,1.93
1h23,25,338.21,193.33,1.75
1hfs,25,191.58,107.71,1.78
1hnn,25,79.67,31.68,2.52
1igj,25,408.97,235.94,1.73
1jyq,25,154.74,81.51,1.90
2j62,25,364.24,238.44,1.53
2obf,25,111.42,59.53,1.87
2ole,25,574.20,315.08,1.82
2w66,25,116.42,71.68,1.62
2wca,25,269.72,146.40,1.84
2weg,25,38.08,22.24,1.71
2x97,25,288.31,178.02,1.62
2xb8,25,468.46,290.83,1.61
2xbv,25,204.05,99.18,2.06
2xhm,25,240.50,133.70,1.80
2xnb,25,131.82,74.02,1.78
2xy9,25,366.96,182.61,2.01
3b68,25,97.52,63.00,1.55
3bkk,25,316.02,165.39,1.91
3cyx,25,106.09,67.46,1.57
3d4z,25,144.68,86.78,1.67
3f3c,25,191.41,80.89,2.37
3nq3,25,80.04,44.03,1.82
3ov1,25,54.53,31.49,1.73
3ozt,25,107.55,51.18,2.10
4djr,25,92.25,54.50,1.69
4gqq,25,136.81,96.29,1.42
10gs,26,158.92,83.79,1.90
1a30,26,50.84,32.29,1.57
1bcu,26,1.19,0.74,1.60
1gpk,26,88.36,43.63,2.03
1h23,26,315.69,181.15,1.74
1hfs,26,197.40,111.84,1.77
1hnn,26,48.28,31.35,1.54
1igj,26,382.24,242.71,1.57
1jyq,26,136.62,62.85,2.17
2j62,26,332.71,182.07,1.83
2obf,26,113.63,58.63,1.94
2ole,26,516.72,277.73,1.86
2w66,26,107.47,69.18,1.55
2wca,26,264.08,141.73,1.86
2weg,26,29.03,18.15,1.60
2x97,26,285.69,178.10,1.60
2xb8,26,452.14,270.36,1.67
2xbv,26,161.80,87.58,1.85
2xhm,26,225.24,122.41,1.84
2xnb,26,106.96,58.07,1.84
2xy9,26,358.49,185.83,1.93
3b68,26,87.36,51.04,1.71
3bkk,26,284.16,157.67,1.80
3cyx,26,106.37,60.04,1.77
3d4z,26,129.26,74.65,1.73
3f3c,26,114.61,65.05,1.76
3nq3,26,102.71,51.75,1.98
3ov1,26,56.48,29.87,1.89
3ozt,26,107.39,56.59,1.90
4djr,26,86.69,47.36,1.83
4gqq,26,136.62,80.73,1.69
10gs,27,167.97,91.18,1.84
1a30,27,59.36,32.52,1.83
1bcu,27,0.49,0.26,1.88
1gpk,27,72.67,52.47,1.39
1h23,27,336.23,185.22,1.82
1hfs,27,183.85,125.15,1.47
1hnn,27,61.23,29.88,2.05
1igj,27,366.59,231.49,1.58
1jyq,27,136.78,70.41,1.94
2j62,27,349.52,199.59,1.75
2obf,27,117.26,55.23,2.12
2ole,27,480.83,282.76,1.70
2w66,27,105.18,68.86,1.53
2wca,27,245.29,166.07,1.48
2weg,27,36.02,21.52,1.67
2x97,27,301.44,174.46,1.73
2xb8,27,425.52,255.61,1.66
2xbv,27,187.57,94.48,1.99
2xhm,27,207.80,126.06,1.65
2xnb,27,101.39,65.06,1.56
2xy9,27,362.37,187.61,1.93
3b68,27,91.42,55.69,1.64
3bkk,27,261.82,145.88,1.79
3cyx,27,117.93,48.87,2.41
3d4z,27,159.44,76.62,2.08
3f3c,27,115.97,77.64,1.49
3nq3,27,81.12,50.21,1.62
3ov1,27,48.94,25.61,1.91
3ozt,27,122.32,50.44,2.43
4djr,27,98.87,41.38,2.39
4gqq,27,135.62,85.56,1.58
10gs,28,150.70,98.92,1.52
1a30,28,48.96,32.31,1.52
1bcu,28,3.19,1.42,2.24
1gpk,28,90.69,48.21,1.88
1h23,28,318.70,175.43,1.82
1hfs,28,191.20,100.36,1.91
1hnn,28,59.17,23.42,2.53
1igj,28,364.47,221.16,1.65
1jyq,28,129.59,76.12,1.70
2j62,28,329.10,201.15,1.64
2obf,28,102.74,61.91,1.66
2ole,28,500.38,268.95,1.86
2w66,28,108.08,69.80,1.55
2wca,28,256.02,132.40,1.93
2weg,28,32.81,19.58,1.68
2x97,28,277.77,161.85,1.72
2xb8,28,438.74,258.67,1.70
2xbv,28,150.01,96.06,1.56
2xhm,28,228.04,125.59,1.82
2xnb,28,99.88,56.24,1.78
2xy9,28,345.07,180.17,1.92
3b68,28,88.87,50.86,1.75
3bkk,28,293.27,158.26,1.85
3cyx,28,89.57,56.99,1.57
3d4z,28,126.69,85.73,1.48
3f3c,28,152.34,78.85,1.93
3nq3,28,75.79,47.04,1.61
3ov1,28,44.02,28.51,1.54
3ozt,28,116.00,60.34,1.92
4djr,28,73.40,49.77,1.47
4gqq,28,138.53,85.54,1.62
10gs,29,131.84,79.15,1.67
1a30,29,46.15,22.06,2.09
1bcu,29,2.31,1.38,1.67
1gpk,29,67.05,49.56,1.35
1h23,29,296.70,181.46,1.64
1hfs,29,183.18,94.66,1.94
1hnn,29,54.67,27.62,1.98
1igj,29,349.24,182.36,1.92
1jyq,29,130.50,66.35,1.97
2j62,29,289.95,175.39,1.65
2obf,29,109.12,57.49,1.90
2ole,29,433.78,275.10,1.58
2w66,29,106.84,66.86,1.60
2wca,29,208.39,128.08,1.63
2weg,29,34.08,19.20,1.78
2x97,29,241.54,130.19,1.86
2xb8,29,422.65,235.80,1.79
2xbv,29,149.47,84.41,1.77
2xhm,29,193.65,124.82,1.55
2xnb,29,106.37,46.14,2.31
2xy9,29,319.36,168.71,1.89
3b68,29,82.16,39.40,2.09
3bkk,29,235.33,151.49,1.55
3cyx,29,80.43,43.93,1.83
3d4z,29,133.61,60.11,2.22
3f3c,29,113.71,76.90,1.48
3nq3,29,81.32,36.77,2.21
3ov1,29,45.68,25.74,1.77
3ozt,29,94.09,48.76,1.93
4djr,29,70.33,41.62,1.69
4gqq,29,115.77,76.10,1.52
10gs,30,132.95,91.58,1.45
1a30,30,48.20,25.86,1.86
1bcu,30,0.78,0.44,1.75
1gpk,30,68.22,46.86,1.46
1h23,30,276.28,171.05,1.62
1hfs,30,177.04,86.65,2.04
1hnn,30,41.08,26.64,1.54
1igj,30,342.64,197.45,1.74
1jyq,30,127.50,65.47,1.95
2j62,30,296.38,175.32,1.69
2obf,30,105.45,62.44,1.69
2ole,30,437.43,251.76,1.74
2w66,30,107.23,64.18,1.67
2wca,30,222.97,117.94,1.89
2weg,30,23.65,17.80,1.33
2x97,30,254.83,143.62,1.77
2xb8,30,389.90,257.14,1.52
2xbv,30,170.96,89.33,1.91
2xhm,30,216.39,108.18,2.00
2xnb,30,83.42,51.67,1.61
2xy9,30,333.31,177.43,1.88
3b68,30,91.74,51.59,1.78
3bkk,30,250.64,145.24,1.73
3cyx,30,93.44,57.32,1.63
3d4z,30,108.07,61.25,1.76
3f3c,30,100.68,62.02,1.62
3nq3,30,68.68,43.46,1.58
3ov1,30,46.92,21.84,2.15
3ozt,30,77.13,52.61,1.47
4djr,30,66.67,43.35,1.54
4gqq,30,110.74,80.72,1.37
10gs,31,137.05,89.63,1.53
1a30,31,45.31,25.32,1.79
1bcu,31,2.40,1.77,1.35
1gpk,31,73.66,43.82,1.68
1h23,31,276.37,181.26,1.52
1hfs,31,171.02,113.32,1.51
1hnn,31,47.68,25.62,1.86
1igj,31,343.73,203.20,1.69
1jyq,31,102.19,68.41,1.49
2j62,31,296.09,165.49,1.79
2obf,31,93.82,52.07,1.80
2ole,31,422.22,258.45,1.63
2w66,31,90.17,55.68,1.62
2wca,31,209.80,139.43,1.50
2weg,31,31.46,18.01,1.75
2x97,31,215.88,140.22,1.54
2xb8,31,374.32,267.21,1.40
2xbv,31,156.77,83.00,1.89
2xhm,31,181.10,113.54,1.60
2xnb,31,97.97,57.70,1.70
2xy9,31,309.93,168.43,1.84
3b68,31,93.79,48.90,1.92
3bkk,31,228.96,151.11,1.52
3cyx,31,79.41,51.22,1.55
3d4z,31,126.93,63.85,1.99
3f3c,31,126.74,56.42,2.25
3nq3,31,66.41,33.88,1.96
3ov1,31,45.64,25.54,1.79
3ozt,31,91.47,47.62,1.92
4djr,31,87.68,39.92,2.20
4gqq,31,132.56,62.75,2.11
10gs,32,149.45,91.35,1.64
1a30,32,42.46,20.77,2.04
1bcu,32,2.36,1.28,1.85
1gpk,32,72.86,40.93,1.78
1h23,32,259.72,141.33,1.84
1hfs,32,167.70,96.10,1.75
1hnn,32,42.25,19.57,2.16
1igj,32,342.77,171.85,1.99
1jyq,32,110.65,56.35,1.96
2j62,32,281.55,172.23,1.63
2obf,32,105.09,50.53,2.08
2ole,32,406.80,263.10,1.55
2w66,32,101.55,56.64,1.79
2wca,32,193.35,126.65,1.53
2weg,32,27.95,17.15,1.63
2x97,32,210.85,148.75,1.42
2xb8,32,343.82,214.05,1.61
2xbv,32,151.75,74.32,2.04
2xhm,32,177.49,94.95,1.87
2xnb,32,87.68,57.43,1.53
2xy9,32,309.18,169.74,1.82
3b68,32,64.59,44.76,1.44
3bkk,32,245.55,145.95,1.68
3cyx,32,79.13,41.70,1.90
3d4z,32,98.84,70.81,1.40
3f3c,32,109.51,65.34,1.68
3nq3,32,52.80,36.71,1.44
3ov1,32,33.83,24.27,1.39
3ozt,32,80.61,47.22,1.71
4djr,32,74.74,33.61,2.22
4gqq,32,110.86,73.93,1.50
10gs,33,146.44,72.58,2.02
1a30,33,43.54,21.36,2.04
1bcu,33,2.01,1.29,1.56
1gpk,33,63.03,42.96,1.47
1h23,33,250.46,152.74,1.64
1hfs,33,161.65,78.31,2.06
1hnn,33,41.98,23.49,1.79
1igj,33,317.05,178.96,1.77
1jyq,33,96.34,59.76,1.61
2j62,33,274.56,150.85,1.82
2obf,33,90.33,45.97,1.96
2ole,33,408.47,223.70,1.83
2w66,33,80.49,54.29,1.48
2wca,33,187.70,108.80,1.73
2weg,33,22.38,13.45,1.66
2x97,33,235.65,122.58,1.92
2xb8,33,339.78,205.62,1.65
2xbv,33,150.17,74.74,2.01
2xhm,33,175.67,94.27,1.86
2xnb,33,97.57,46.88,2.08
2xy9,33,279.18,140.69,1.98
3b68,33,74.27,42.35,1.75
3bkk,33,220.34,136.75,1.61
3cyx,33,90.88,38.46,2.36
3d4z,33,122.51,64.87,1.89
3f3c,33,94.24,51.11,1.84
3nq3,33,63.83,40.63,1.57
3ov1,33,36.34,23.28,1.56
3ozt,33,83.61,48.67,1.72
4djr,33,63.35,33.67,1.88
4gqq,33,126.99,64.57,1.97
10gs,34,121.83,69.88,1.74
1a30,34,33.65,25.32,1.33
1bcu,34,1.61,0.75,2.15
1gpk,34,59.23,40.48,1.46
1h23,34,250.90,158.03,1.59
1hfs,34,156.80,100.20,1.56
1hnn,34,33.54,21.70,1.55
1igj,34,289.97,166.76,1.74
1jyq,34,94.84,52.83,1.79
2j62,34,259.19,140.86,1.84
2obf,34,85.63,51.65,1.66
2ole,34,392.15,235.87,1.66
2w66,34,77.04,46.86,1.64
2wca,34,200.59,126.34,1.59
2weg,34,21.15,16.02,1.32
2x97,34,217.51,140.17,1.55
2xb8,34,354.92,246.45,1.44
2xbv,34,134.48,79.78,1.69
2xhm,34,183.04,91.37,2.00
2xnb,34,89.48,52.88,1.69
2xy9,34,281.02,161.74,1.74
3b68,34,66.06,35.59,1.86
3bkk,34,235.77,132.20,1.78
3cyx,34,75.91,35.84,2.12
3d4z,34,104.82,52.29,2.00
3f3c,34,113.92,51.65,2.21
3nq3,34,51.97,30.49,1.70
3ov1,34,37.92,23.07,1.64
3ozt,34,85.35,42.08,2.03
4djr,34,77.97,34.83,2.24
4gqq,34,98.81,61.80,1.60
10gs,35,132.23,66.76,1.98
1a30,35,31.85,23.34,1.36
1bcu,35,2.46,1.48,1.66
1gpk,35,62.41,40.34,1.55
1h23,35,233.22,134.01,1.74
1hfs,35,155.28,86.71,1.79
1hnn,35,39.89,22.54,1.77
1igj,35,285.52,171.40,1.67
1jyq,35,95.81,49.66,1.93
2j62,35,251.85,140.82,1.79
2obf,35,84.59,50.86,1.66
2ole,35,355.64,201.78,1.76
2w66,35,76.89,48.13,1.60
2wca,35,187.49,113.29,1.65
2weg,35,27.64,15.88,1.74
2x97,35,230.44,120.48,1.91
2xb8,35,342.87,215.83,1.59
2xbv,35,133.50,70.02,1.91
2xhm,35,177.22,104.39,1.70
2xnb,35,80.13,41.35,1.94
2xy9,35,264.52,133.49,1.98
3b68,35,70.70,36.89,1.92
3bkk,35,210.06,115.24,1.82
3cyx,35,71.32,38.45,1.85
3d4z,35,113.84,51.95,2.19
3f3c,35,104.49,59.99,1.74
3nq3,35,56.77,35.78,1.59
3ov1,35,30.82,20.26,1.52
3ozt,35,83.27,45.13,1.85
4djr,35,64.40,29.40,2.19
4gqq,35,122.66,67.99,1.80
10gs,36,130.09,62.95,2.07
1a30,36,29.52,22.89,1.29
1bcu,36,2.26,1.31,1.73
1gpk,36,56.67,39.24,1.44
1h23,36,245.44,142.15,1.73
1hfs,36,153.26,84.69,1.81
1hnn,36,38.09,22.96,1.66
1igj,36,261.11,152.46,1.71
1jyq,36,88.39,55.87,1.58
2j62,36,246.92,136.41,1.81
2obf,36,92.24,45.61,2.02
2ole,36,361.98,222.11,1.63
2w66,36,94.28,52.39,1.80
2wca,36,169.78,97.16,1.75
2weg,36,25.32,14.06,1.80
2x97,36,199.67,126.62,1.58
2xb8,36,317.91,207.56,1.53
2xbv,36,124.43,77.56,1.60
2xhm,36,152.26,83.44,1.82
2xnb,36,70.15,47.32,1.48
2xy9,36,244.45,127.04,1.92
3b68,36,58.82,38.46,1.53
3bkk,36,219.49,118.82,1.85
3cyx,36,96.35,38.40,2.51
3d4z,36,95.73,57.33,1.67
3f3c,36,87.49,55.76,1.57
3nq3,36,58.63,36.55,1.60
3ov1,36,36.98,22.44,1.65
3ozt,36,69.71,39.97,1.74
4djr,36,75.51,32.02,2.36
4gqq,36,94.40,57.67,1.64
10gs,37,116.43,70.54,1.65
1a30,37,55.69,18.68,2.98
1bcu,37,0.94,0.42,2.24
1gpk,37,54.54,39.04,1.40
1h23,37,236.25,135.31,1.75
1hfs,37,134.63,73.46,1.83
1hnn,37,29.74,20.75,1.43
1igj,37,255.64,161.47,1.58
1jyq,37,107.79,57.09,1.89
2j62,37,224.59,127.73,1.76
2obf,37,78.71,54.86,1.43
2ole,37,360.40,205.66,1.75
2w66,37,79.63,49.66,1.60
2wca,37,168.37,111.20,1.51
2weg,37,21.90,15.23,1.44
2x97,37,184.85,111.08,1.66
2xb8,37,303.70,190.30,1.60
2xbv,37,128.28,74.48,1.72
2xhm,37,157.82,91.66,1.72
2xnb,37,74.74,41.57,1.80
2xy9,37,229.86,128.57,1.79
3b68,37,70.86,30.66,2.31
3bkk,37,206.46,111.68,1.85
3cyx,37,86.21,38.50,2.24
3d4z,37,95.93,60.79,1.58
3f3c,37,89.87,62.15,1.45
3nq3,37,47.08,35.79,1.32
3ov1,37,36.71,20.39,1.80
3ozt,37,83.54,45.24,1.85
4djr,37,57.14,32.38,1.76
4gqq,37,119.25,67.46,1.77
10gs,38,111.27,63.33,1.76
1a30,38,32.40,22.01,1.47
1bcu,38,2.13,1.49,1.42
1gpk,38,51.86,35.77,1.45
1h23,38,221.74,135.03,1.64
1hfs,38,133.50,74.54,1.79
1hnn,38,36.25,20.68,1.75
1igj,38,297.07,145.69,2.04
1jyq,38,81.61,49.85,1.64
2j62,38,249.55,135.02,1.85
2obf,38,73.55,39.29,1.87
2ole,38,361.97,210.52,1.72
2w66,38,70.18,48.33,1.45
2wca,38,167.66,92.52,1.81
2weg,38,24.32,11.77,2.07
2x97,38,178.14,106.61,1.67
2xb8,38,301.18,178.89,1.68
2xbv,38,133.22,78.54,1.70
2xhm,38,189.63,104.54,1.81
2xnb,38,64.99,37.93,1.71
2xy9,38,231.97,127.87,1.81
3b68,38,57.80,39.34,1.47
3bkk,38,191.35,130.96,1.46
3cyx,38,64.61,33.53,1.93
3d4z,38,94.94,62.02,1.53
3f3c,38,80.19,43.66,1.84
3nq3,38,47.20,27.90,1.69
3ov1,38,31.52,19.52,1.61
3ozt,38,65.99,35.68,1.85
4djr,38,66.85,35.90,1.86
4gqq,38,91.09,65.36,1.39
10gs,39,105.11,73.85,1.42
1a30,39,29.74,19.54,1.52
1bcu,39,1.25,0.83,1.51
1gpk,39,53.75,37.96,1.42
1h23,39,210.65,123.94,1.70
1hfs,39,127.98,77.08,1.66
1hnn,39,34.88,16.70,2.09
1igj,39,257.06,157.10,1.64
1jyq,39,99.84,47.65,2.10
2j62,39,236.86,133.23,1.78
2obf,39,73.96,44.88,1.65
2ole,39,371.87,178.44,2.08
2w66,39,84.59,48.83,1.73
2wca,39,160.50,97.61,1.64
2weg,39,23.82,13.86,1.72
2x97,39,196.58,115.86,1.70
2xb8,39,316.32,188.85,1.67
2xbv,39,112.26,71.09,1.58
2xhm,39,167.16,87.84,1.90
2xnb,39,74.33,38.77,1.92
2xy9,39,237.42,125.86,1.89
3b68,39,58.16,36.40,1.60
3bkk,39,187.85,108.64,1.73
3cyx,39,74.51,40.38,1.85
3d4z,39,82.64,49.36,1.67
3f3c,39,93.27,57.15,1.63
3nq3,39,56.48,34.39,1.64
3ov1,39,26.96,18.10,1.49
3ozt,39,58.42,31.35,1.86
4djr,39,53.87,28.88,1.87
4gqq,39,90.63,50.92,1.78
10gs,40,122.71,59.09,2.08
1a30,40,31.49,21.27,1.48
1bcu,40,0.20,0.16,1.27
1gpk,40,51.66,33.58,1.54
1h23,40,223.43,127.70,1.75
1hfs,40,120.84,69.58,1.74
1hnn,40,36.00,17.35,2.07
1igj,40,261.69,135.01,1.94
1jyq,40,77.85,42.51,1.83
2j62,40,220.13,119.62,1.84
2obf,40,79.66,37.37,2.13
2ole,40,341.42,213.68,1.60
2w66,40,82.30,47.56,1.73
2wca,40,167.59,88.97,1.88
2weg,40,23.62,14.10,1.67
2x97,40,189.27,108.21,1.75
2xb8,40,295.46,179.62,1.64
2xbv,40,109.35,74.48,1.47
2xhm,40,146.78,87.97,1.67
2xnb,40,66.47,42.29,1.57
2xy9,40,224.58,112.64,1.99
3b68,40,66.28,37.76,1.76
3bkk,40,196.35,108.61,1.81
3cyx,40,75.69,31.92,2.37
3d4z,40,80.26,57.01,1.41
3f3c,40,81.57,57.54,1.42
3nq3,40,43.48,35.36,1.23
3ov1,40,28.06,19.08,1.47
3ozt,40,60.74,35.56,1.71
4djr,40,49.31,28.16,1.75
4gqq,40,92.86,59.75,1.55
10gs,41,119.59,56.09,2.13
1a30,41,27.12,21.30,1.27
1bcu,41,0.43,0.26,1.66
1gpk,41,53.41,32.14,1.66
1h23,41,199.66,132.92,1.50
1hfs,41,115.45,63.48,1.82
1hnn,41,28.39,21.39,1.33
1igj,41,244.01,135.40,1.80
1jyq,41,79.60,40.53,1.96
2j62,41,222.88,126.69,1.76
2obf,41,73.12,37.92,1.93
2ole,41,328.70,183.51,1.79
2w66,41,73.27,47.14,1.55
2wca,41,175.01,87.21,2.01
2weg,41,19.59,10.63,1.84
2x97,41,168.34,94.54,1.78
2xb8,41,302.96,166.75,1.82
2xbv,41,116.83,61.82,1.89
2xhm,41,141.16,81.90,1.72
2xnb,41,76.84,34.95,2.20
2xy9,41,209.19,107.39,1.95
3b68,41,52.44,33.04,1.59
3bkk,41,187.24,102.03,1.84
3cyx,41,58.99,39.73,1.48
3d4z,41,76.03,56.21,1.35
3f3c,41,84.84,52.51,1.62
3nq3,41,53.55,34.19,1.57
3ov1,41,35.74,14.86,2.41
3ozt,41,74.05,30.80,2.40
4djr,41,56.23,27.97,2.01
4gqq,41,101.93,45.36,2.25
10gs,42,94.23,53.48,1.76
1a30,42,35.47,16.49,2.15
1bcu,42,0.18,0.13,1.37
1gpk,42,47.84,27.34,1.75
1h23,42,192.11,123.26,1.56
1hfs,42,119.90,82.76,1.45
1hnn,42,27.29,18.41,1.48
1igj,42,248.37,169.12,1.47
1jyq,42,72.04,49.71,1.45
2j62,42,215.89,121.68,1.77
2obf,42,83.37,47.44,1.76
2ole,42,318.11,171.19,1.86
2w66,42,66.58,37.60,1.77
2wca,42,153.19,109.65,1.40
2weg,42,18.27,13.54,1.35
2x97,42,176.40,100.14,1.76
2xb8,42,269.33,164.51,1.64
2xbv,42,101.35,56.49,1.79
2xhm,42,141.33,75.71,1.87
2xnb,42,61.60,35.76,1.72
2xy9,42,227.26,114.43,1.99
3b68,42,68.76,32.19,2.14
3bkk,42,177.68,99.58,1.78
3cyx,42,56.36,31.65,1.78
3d4z,42,77.24,55.51,1.39
3f3c,42,71.74,40.39,1.78
3nq3,42,38.10,24.20,1.57
3ov1,42,25.54,16.32,1.57
3ozt,42,60.48,35.12,1.72
4djr,42,51.51,24.64,2.09
4gqq,42,82.25,60.10,1.37
10gs,43,100.84,51.24,1.97
1a30,43,25.93,16.31,1.59
1bcu,43,1.36,0.73,1.87
1gpk,43,60.21,25.36,2.37
1h23,43,193.30,113.82,1.70
1hfs,43,123.00,63.20,1.95
1hnn,43,27.12,16.33,1.66
1igj,43,227.43,131.36,1.73
1jyq,43,94.30,47.40,1.99
2j62,43,203.47,124.24,1.64
2obf,43,69.81,35.21,1.98
2ole,43,323.02,178.61,1.81
2w66,43,60.66,44.35,1.37
2wca,43,156.74,103.24,1.52
2weg,43,22.90,13.62,1.68
2x97,43,177.11,93.34,1.90
2xb8,43,274.93,157.72,1.74
2xbv,43,101.75,53.64,1.90
2xhm,43,141.41,84.00,1.68
2xnb,43,61.91,33.50,1.85
2xy9,43,204.80,106.71,1.92
3b68,43,50.97,33.65,1.51
3bkk,43,158.59,89.57,1.77
3cyx,43,62.60,29.13,2.15
3d4z,43,102.81,58.94,1.74
3f3c,43,72.14,44.02,1.64
3nq3,43,37.62,31.43,1.20
3ov1,43,30.27,13.07,2.32
3ozt,43,60.91,34.49,1.77
4djr,43,48.90,26.90,1.82
4gqq,43,75.43,42.23,1.79
10gs,44,93.85,49.95,1.88
1a30,44,24.56,14.89,1.65
1bcu,44,0.52,0.32,1.63
1gpk,44,58.92,27.15,2.17
1h23,44,187.20,113.08,1.66
1hfs,44,115.61,65.52,1.76
1hnn,44,26.25,16.53,1.59
1igj,44,241.47,128.94,1.87
1jyq,44,75.37,36.68,2.05
2j62,44,204.51,111.93,1.83
2obf,44,87.25,36.13,2.42
2ole,44,288.68,182.87,1.58
2w66,44,62.22,33.23,1.87
2wca,44,140.92,79.30,1.78
2weg,44,17.48,9.97,1.75
2x97,44,155.85,98.80,1.58
2xb8,44,272.20,163.44,1.67
2xbv,44,93.44,50.76,1.84
2xhm,44,129.80,68.82,1.89
2xnb,44,61.93,35.83,1.73
2xy9,44,212.48,113.19,1.88
3b68,44,50.19,26.86,1.87
3bkk,44,166.53,95.18,1.75
3cyx,44,57.03,31.21,1.83
3d4z,44,82.69,42.64,1.94
3f3c,44,69.03,37.99,1.82
3nq3,44,36.47,30.18,1.21
3ov1,44,25.10,15.18,1.65
3ozt,44,54.94,29.35,1.87
4djr,44,45.94,26.82,1.71
4gqq,44,101.83,51.35,1.98
10gs,45,97.31,52.38,1.86
1a30,45,26.62,14.54,1.83
1bcu,45,2.02,0.85,2.37
1gpk,45,44.40,23.89,1.86
1h23,45,186.55,105.82,1.76
1hfs,45,154.12,57.21,2.69
1hnn,45,25.49,19.63,1.30
1igj,45,229.81,129.34,1.78
1jyq,45,76.55,39.59,1.93
2j62,45,220.00,117.63,1.87
2obf,45,65.84,47.39,1.39
2ole,45,295.88,162.73,1.82
2w66,45,84.80,44.72,1.90
2wca,45,144.21,96.96,1.49
2weg,45,17.12,13.52,1.27
2x97,45,161.19,88.50,1.82
2xb8,45,252.10,150.52,1.67
2xbv,45,102.66,55.59,1.85
2xhm,45,144.75,74.81,1.93
2xnb,45,73.78,39.63,1.86
2xy9,45,202.43,105.63,1.92
3b68,45,51.35,27.31,1.88
3bkk,45,163.73,96.47,1.70
3cyx,45,52.49,27.81,1.89
3d4z,45,69.47,40.13,1.73
3f3c,45,72.64,38.62,1.88
3nq3,45,49.20,22.85,2.15
3ov1,45,24.20,12.85,1.88
3ozt,45,53.30,38.31,1.39
4djr,45,48.09,23.67,2.03
4gqq,45,78.99,43.60,1.81
10gs,46,89.48,48.18,1.86
1a30,46,23.94,17.08,1.40
1bcu,46,1.79,1.21,1.48
1gpk,46,50.45,24.34,2.07
1h23,46,181.51,104.38,1.74
1hfs,46,105.80,57.68,1.83
1hnn,46,25.54,19.81,1.29
1igj,46,218.32,127.08,1.72
1jyq,46,73.90,36.20,2.04
2j62,46,203.55,113.46,1.79
2obf,46,67.45,35.61,1.89
2ole,46,279.47,156.13,1.79
2w66,46,70.75,40.59,1.74
2wca,46,137.89,77.34,1.78
2weg,46,16.01,9.68,1.65
2x97,46,155.98,94.80,1.65
2xb8,46,272.43,179.32,1.52
2xbv,46,91.51,49.39,1.85
2xhm,46,139.27,68.95,2.02
2xnb,46,59.06,31.38,1.88
2xy9,46,268.68,106.70,2.52
3b68,46,49.92,26.01,1.92
3bkk,46,152.34,86.60,1.76
3cyx,46,66.56,29.20,2.28
3d4z,46,69.02,38.77,1.78
3f3c,46,68.18,36.24,1.88
3nq3,46,35.37,23.03,1.54
3ov1,46,24.46,18.53,1.32
3ozt,46,50.50,27.49,1.84
4djr,46,45.16,29.58,1.53
4gqq,46,76.94,43.19,1.78
10gs,47,87.91,46.60,1.89
1a30,47,22.30,13.96,1.60
1bcu,47,0.98,0.55,1.79
1gpk,47,40.17,22.75,1.77
1h23,47,181.61,104.62,1.74
1hfs,47,110.47,62.41,1.77
1hnn,47,25.07,13.74,1.82
1igj,47,216.95,123.28,1.76
1jyq,47,64.45,33.58,1.92
2j62,47,197.62,108.62,1.82
2obf,47,58.78,31.85,1.85
2ole,47,284.21,157.38,1.81
2w66,47,70.95,30.05,2.36
2wca,47,136.73,88.16,1.55
2weg,47,22.23,9.43,2.36
2x97,47,152.65,86.55,1.76
2xb8,47,244.69,143.54,1.70
2xbv,47,91.31,47.96,1.90
2xhm,47,132.91,71.13,1.87
2xnb,47,55.41,30.75,1.80
2xy9,47,195.93,103.35,1.90
3b68,47,44.23,24.11,1.84
3bkk,47,154.73,90.18,1.72
3cyx,47,53.20,28.33,1.88
3d4z,47,70.46,38.36,1.84
3f3c,47,65.72,38.05,1.73
3nq3,47,37.07,22.43,1.65
3ov1,47,22.91,16.16,1.42
3ozt,47,47.72,24.95,1.91
4djr,47,47.41,25.39,1.87
4gqq,47,74.00,40.95,1.81
10gs,48,89.01,47.29,1.88
1a30,48,26.32,14.63,1.80
1bcu,48,1.52,0.85,1.79
1gpk,48,45.35,23.62,1.92
1h23,48,179.52,104.35,1.72
1hfs,48,109.22,62.10,1.76
1hnn,48,23.47,13.09,1.79
1igj,48,200.64,112.87,1.78
1jyq,48,61.41,35.39,1.74
2j62,48,196.68,112.03,1.76
2obf,48,62.15,33.82,1.84
2ole,48,287.76,175.79,1.64
2w66,48,54.00,29.97,1.80
2wca,48,129.65,74.06,1.75
2weg,48,17.30,8.98,1.93
2x97,48,155.35,89.39,1.74
2xb8,48,247.77,140.66,1.76
2xbv,48,96.99,51.27,1.89
2xhm,48,128.59,71.25,1.80
2xnb,48,59.20,33.82,1.75
2xy9,48,190.55,99.09,1.92
3b68,48,47.25,24.17,1.95
3bkk,48,153.95,90.04,1.71
3cyx,48,51.16,27.77,1.84
3d4z,48,72.01,39.25,1.83
3f3c,48,65.55,40.15,1.63
3nq3,48,38.47,21.37,1.80
3ov1,48,22.78,13.96,1.63
3ozt,48,49.17,26.07,1.89
4djr,48,43.97,22.72,1.93
4gqq,48,69.07,39.72,1.74
,,,average,1.78305434734193
,,,std dev,0.203926885043646
